Model,Threshold,Precision,Recall,F1,FPR,FNR,Predicted_Dropout_Rate
Logistic Regression,0.1,0.8220166832346458,0.9948736726473819,0.9002224641454063,0.8249198717948718,0.005126327352618088,0.9596831058940645
Logistic Regression,0.15000000000000002,0.8314246851827476,0.9912120102526547,0.9043142120836117,0.7696314102564102,0.008787989747345295,0.9453316188975072
Logistic Regression,0.20000000000000004,0.8398736429969745,0.9874457289323638,0.9077008150409924,0.7209535256410257,0.012554271067636135,0.9322659587705836
Logistic Regression,0.25000000000000006,0.8471940500338067,0.9831563529842549,0.9101254176553194,0.6790865384615384,0.016843647015745148,0.9201957775104732
Logistic Regression,0.30000000000000004,0.8537619699042408,0.979390071663964,0.9122712987550856,0.6424278846153846,0.02060992833603599,0.9096188145505828
Logistic Regression,0.3500000000000001,0.8600673152289179,0.9757807187320187,0.9142773121599764,0.6079727564102564,0.02421928126798138,0.8996225475963333
Logistic Regression,0.40000000000000013,0.8660597572362279,0.9703928440654914,0.915262599600365,0.5747195512820513,0.029607155934508553,0.8884648886308018
Logistic Regression,0.45000000000000007,0.8720748829953198,0.9649526599361825,0.9161658803079216,0.5420673076923077,0.035047340063817545,0.8773901862375046
Logistic Regression,0.5000000000000001,0.8777671298514614,0.9582570487001099,0.9162477805286718,0.5110176282051282,0.04174295129989015,0.865651831266332
Logistic Regression,0.5500000000000002,0.8820445609436435,0.9505152482084009,0.9150007553250415,0.48677884615384615,0.0494847517915991,0.8544941723008005
Logistic Regression,0.6000000000000002,0.8874544200256234,0.9420934247005284,0.9139580320215168,0.45753205128205127,0.05790657529947167,0.8417603384628147
Logistic Regression,0.6500000000000001,0.8931473863750377,0.931317675367474,0.9118332437069473,0.4266826923076923,0.06868232463252602,0.8268281554606164
Logistic Regression,0.7000000000000002,0.8984823625922888,0.9166710257885652,0.9074855648481396,0.39663461538461536,0.08332897421143484,0.8089924924302128
Logistic Regression,0.7500000000000002,0.9056265174707062,0.89752576241042,0.9015579434096104,0.3581730769230769,0.10247423758957995,0.7858476087768054
Logistic Regression,0.8000000000000002,0.9136053673559172,0.8690171051943296,0.8907535990992198,0.31470352564102566,0.13098289480567035,0.7542411547554855
Logistic Regression,0.8500000000000002,0.9255426104441422,0.8186430925354397,0.8688169655248987,0.25220352564102566,0.18135690746456035,0.701356339956033
Logistic Regression,0.9000000000000002,0.9400704225352112,0.6982790186744782,0.80133265299997,0.17047275641025642,0.3017209813255218,0.5889916628644905
XGBoost,0.1,0.8128278391402618,0.9970183606214365,0.8955504393177653,0.8792067307692307,0.0029816393785635823,0.9726243311626364
XGBoost,0.15000000000000002,0.8249620143260256,0.9940367212428728,0.9016416777377111,0.8076923076923077,0.005963278757127165,0.9554523207101082
XGBoost,0.20000000000000004,0.8350988700564972,0.989695035831982,0.9058482752016853,0.7483974358974359,0.010304964168017995,0.9397320502716828
XGBoost,0.25000000000000006,0.8448523471860695,0.9847256368677094,0.9094422570593492,0.6925080128205128,0.01527436313229063,0.9242191712638433
XGBoost,0.30000000000000004,0.8535951881891917,0.9799131662917822,0.9124028931154567,0.6436298076923077,0.020086833708217816,0.9102824671284583
XGBoost,0.3500000000000001,0.8608735844696094,0.9742637443113459,0.9140655673341186,0.6029647435897436,0.025736255688654078,0.8973827201460036
XGBoost,0.40000000000000013,0.8693568844834876,0.9680389182403096,0.916047916047916,0.5570913461538461,0.03196108175969033,0.8829482765772119
XGBoost,0.45000000000000007,0.8753102921519954,0.9591463095674008,0.9153126169973793,0.5232371794871795,0.04085369043259926,0.868887137583475
XGBoost,0.5000000000000001,0.8821473643335599,0.9506721765967463,0.9151287796772326,0.4863782051282051,0.049327823403253646,0.8545356505869177
XGBoost,0.5500000000000002,0.8876066479262218,0.9414657111471465,0.9137432096258313,0.45653044871794873,0.05853428885285348,0.841055207598822
XGBoost,0.6000000000000002,0.8933795807570503,0.9296437725584559,0.9111509869264292,0.4248798076923077,0.07035622744154417,0.8251275457298104
XGBoost,0.6500000000000001,0.9001494152197435,0.9138986242611289,0.9069719150703421,0.38822115384615385,0.08610137573887117,0.8050520552490771
XGBoost,0.7000000000000002,0.9078961427502938,0.888947010514202,0.8983216598387737,0.3453525641025641,0.11105298948579798,0.7763905595420797
XGBoost,0.7500000000000002,0.9154242642576068,0.8639953967672752,0.8889666307857912,0.3056891025641026,0.1360046032327248,0.7483927164129578
XGBoost,0.8000000000000002,0.9227013832384052,0.8304650311241304,0.8741568703025631,0.26642628205128205,0.16953496887586963,0.7136753909328467
XGBoost,0.8500000000000002,0.9299881123693925,0.7775278547889313,0.8469515669515669,0.22415865384615385,0.22247214521106867,0.6629474470114894
XGBoost,0.9000000000000002,0.9437711704930373,0.6558560443584245,0.773902845503364,0.14963942307692307,0.34414395564157557,0.5510390310672363
