code_module,code_presentation,id_student,f01,f02,f03,f04,f05,f06,f07,f08,f09,f10,f11,f12,f13,f14,f15,f16,f17,f18,f19,f20,f21,f22,f23,f24,f25,f26,f27,f28,period,at_risk,withdrawn
BBB,2013B,546333,3.0,1.0,3.0,6.0,21.0,4.0,5.196152422706632,0.0,0.0,3.0,3.0,1.0,0.0,1.0,1.0,0.0,0.0,0.0,1.3862943611198906,0.0,0.0,,,,1,0,60,21.0,P1,1.0,1.0
CCC,2014B,366424,193.0,9.0,21.444444444444443,2.0,1.0,0.09550561797752809,3.0264168425166718,3.0,141.0,14.0,7.0,4.0,1.0,8.0,24.0,23.0,1.0039963122932605,-3.265759410767051,0.9555114450274363,1.0,1.0,10.0,20.0,0.0,3,0,135,122.0,P3,1.0,1.0
CCC,2014B,386121,186.0,13.0,14.307692307692308,0.0,0.0,2.6153846153846154,2.439391344301062,0.0,126.0,15.0,5.0,4.0,1.0,6.0,34.0,45.0,-1.3397743454849977,2.4619171315633017,-2.780370862681836,1.0,1.0,90.0,20.0,0.0,1,0,90,92.0,P3,1.0,1.0
CCC,2014J,551589,21.0,3.0,7.0,21.0,0.0,0.045454545454545456,3.4295633485773025,4.0,2.0,7.0,5.0,1.0,0.0,3.0,5.0,13.0,-3.0910424533583156,0.0,0.0,0.0,0.0,,,,1,0,120,153.0,P4,,
CCC,2014J,592950,422.0,17.0,24.823529411764707,1.0,0.0,0.43728813559322033,1.3560715110837205,33.0,186.0,20.0,7.0,4.0,107.0,6.0,71.0,39.0,1.1167123303117277,-0.9763549726168052,-0.6021754023542185,1.0,1.0,67.0,21.0,0.0,2,0,60,87.0,P4,,
DDD,2013J,537691,54.0,2.0,27.0,3.0,11.0,17.666666666666668,5.000274340896204,7.0,0.0,11.0,5.0,2.0,31.0,1.0,9.0,33.0,1.0986122886681098,-1.0986122886681098,3.970291913552122,0.0,0.0,,,,1,0,90,190.0,P2,1.0,1.0
DDD,2013J,601392,19.0,1.0,19.0,16.0,11.0,0.05,5.196152422706632,1.0,0.0,9.0,5.0,1.0,0.0,1.0,7.0,35.0,2.995732273553991,-2.995732273553991,0.0,0.0,0.0,,,,2,0,60,60.0,P2,1.0,1.0
DDD,2013J,2409396,2.0,1.0,2.0,1.0,26.0,3.0,5.196152422706631,0.0,0.0,2.0,2.0,1.0,1.0,0.0,1.0,8.0,0.0,0.0,1.0986122886681098,0.0,0.0,,,,2,0,90,38.0,P2,1.0,1.0
FFF,2013B,466582,264.0,10.0,26.4,1.0,3.0,2.5,2.071661519378192,24.0,2.0,39.0,10.0,4.0,67.0,9.0,51.0,122.0,2.302585092994046,-0.5596157879354228,1.328400382700988,0.0,0.0,,,,1,0,60,42.0,P1,1.0,1.0
FFF,2013B,473081,919.0,28.0,32.82142857142857,0.0,0.0,0.9471458773784355,0.5809512342464656,336.0,23.0,48.0,10.0,4.0,129.0,8.0,300.0,286.0,-0.2975343688947925,-0.23309388216737778,0.5912528728786052,1.0,1.0,90.0,19.0,1.0,1,0,120,79.0,P1,1.0,1.0
FFF,2013B,497891,0.0,0.0,0.0,28.0,28.0,1.0,0.0,0.0,0.0,0.0,0.0,0.0,0.0,0.0,0.0,0.0,0.0,0.0,0.0,0.0,0.0,,,,1,0,180,148.0,P1,1.0,1.0
FFF,2013B,1874403,651.0,11.0,59.18181818181818,2.0,3.0,0.15985790408525755,2.1439414970542163,147.0,132.0,63.0,9.0,4.0,60.0,9.0,155.0,57.0,-0.9614111671546247,-1.4389380946053127,0.3780661339200499,0.0,0.0,,,,2,1,180,94.0,P1,1.0,1.0
FFF,2013J,510112,0.0,0.0,0.0,28.0,28.0,1.0,0.0,0.0,0.0,0.0,0.0,0.0,0.0,0.0,0.0,0.0,0.0,0.0,0.0,0.0,0.0,,,,3,0,120,22.0,P2,1.0,1.0
FFF,2014J,678044,159.0,9.0,17.666666666666668,3.0,0.0,6.318181818181818,2.440600052923455,20.0,0.0,22.0,7.0,4.0,65.0,10.0,31.0,0.0,-0.8266785731844679,2.5199979695992702,-0.49561620510246185,0.0,0.0,,,,1,0,120,23.0,P4,,
GGG,2014B,117969,0.0,0.0,0.0,28.0,28.0,1.0,0.0,0.0,0.0,0.0,0.0,0.0,0.0,0.0,0.0,0.0,0.0,0.0,0.0,0.0,,,,,1,0,30,51.0,P3,1.0,1.0
