analysis,description,fold,auc_lasso,auc_xgb,delta
Primary,at_risk; duplicates collapsed; class weighting,F1,0.7033505531699937,0.6907057162410242,-0.01264483692896956
Primary,at_risk; duplicates collapsed; class weighting,F2,0.7339705651008358,0.7035713471506954,-0.030399217950140445
Primary,at_risk; duplicates collapsed; class weighting,F3,0.7726253318807063,0.773550440333461,0.0009251084527547304
S1,secondary label: Withdrawn only,F1,0.6263753247431678,0.5798700645090598,-0.04650526023410806
S1,secondary label: Withdrawn only,F2,0.6705108596571189,0.6000465998200283,-0.07046425983709059
S2,exact duplicate VLE rows retained,F1,0.7033899522455311,0.6885813041414774,-0.01480864810405369
S2,exact duplicate VLE rows retained,F2,0.7338336836722212,0.7026233462959195,-0.031210337376301744
S4,day-28 unregistrations included (12 training-period rows),F1,0.703630296838142,0.6911935092730144,-0.012436787565127672
S4,day-28 unregistrations included (12 training-period rows),F2,0.7339719054358723,0.7037771668866782,-0.030194738549194078
S5,SMOTE within training rows instead of class weighting,F1,0.750614102581804,0.7188374929691828,-0.0317766096126213
S5,SMOTE within training rows instead of class weighting,F2,0.771598673867746,0.7330987618899778,-0.03849991197776825
S7,XGBoost trees set on F3 (223 instead of 33),F1,0.7033505531699937,0.6889396962631128,-0.014410856906880931
S7,XGBoost trees set on F3 (223 instead of 33),F2,0.7339705651008358,0.7010213038395949,-0.03294926126124087
