feature,name,mean_abs_shap
f22,mean_score,0.22891703
f24,prop_submitted_on_time,0.048193227
f23,days_to_first_submission,0.035931297
f07,cv_daily_clicks,0.03211886
f25,highest_education,0.0263525
f02,active_days,0.02474978
f13,oucontent_clicks,0.017502652
f08,forum_clicks,0.012564542
f21,submission_rate,0.010501776
f18,log_growth_w3_w2,0.008261669
f12,active_weeks,0.005892469
f15,homepage_clicks,0.0048295315
f28,registration_earliness,0.004304874
f06,weekly_decay_ratio,0.0040345793
f05,days_to_first_click,0.0038056686
f16,pre_course_clicks,0.0036365844
f17,log_growth_w2_w1,0.0034446972
f10,unique_resources,0.003325948
f01,total_clicks,0.003325073
f19,log_growth_w4_w3,0.0033012212
f27,studied_credits,0.0032274427
f26,num_of_prev_attempts,0.0026505685
f04,days_since_last_click,0.0018624698
f03,mean_clicks_per_active_day,0.0017872042
f09,quiz_clicks,0.0015809757
f11,unique_activity_types,0.0015742499
f14,resource_clicks,0.0008797571
f20,n_assessments_submitted,0.00018322411
