id,code_module,code_presentation,period,module_presentation_length,registrations,eligible,role
1,BBB,2013B,P1,240,1767,1528,train
2,DDD,2013B,P1,240,1303,1141,train
3,FFF,2013B,P1,240,1614,1449,train
4,AAA,2013J,P2,268,383,369,train
5,BBB,2013J,P2,268,2237,1834,train
6,DDD,2013J,P2,261,1938,1644,train
7,EEE,2013J,P2,268,1052,926,train
8,FFF,2013J,P2,268,2283,1982,train
9,GGG,2013J,P2,261,952,924,train
10,BBB,2014B,P3,234,1613,1280,train
11,CCC,2014B,P3,241,1936,1498,train
12,DDD,2014B,P3,241,1228,1028,train
13,EEE,2014B,P3,241,694,605,train
14,FFF,2014B,P3,241,1500,1299,train
15,GGG,2014B,P3,241,833,796,train
16,AAA,2014J,P4,269,365,348,TEST (sealed)
17,BBB,2014J,P4,262,2292,1786,TEST (sealed)
18,CCC,2014J,P4,269,2498,2018,TEST (sealed)
19,DDD,2014J,P4,262,1803,1463,TEST (sealed)
20,EEE,2014J,P4,269,1188,1020,TEST (sealed)
21,FFF,2014J,P4,269,2365,1858,TEST (sealed)
22,GGG,2014J,P4,269,749,717,TEST (sealed)
