trial,max_depth,learning_rate,min_child_weight,subsample,colsample_bytree,reg_lambda,gamma,auc_F1,auc_F2,best_iter_F1,best_iter_F2,mean_auc
0,4,0.2536999076681772,7.587945476302646,0.8394633936788146,0.6624074561769746,0.004207053950287938,0.2904180608409973,0.687562960071373,0.7019509529340728,42,3,0.694756956502723
1,6,0.07725378389307355,7.372653200164409,0.608233797718321,0.9879639408647978,2.1368329072358767,1.0616955533913808,0.6837224567338878,0.6972167190590505,5,5,0.6904695878964691
2,3,0.018659959624904916,3.7381801866358395,0.8099025726528951,0.7727780074568463,0.014618962793704957,3.0592644736118975,0.6767108856786662,0.6947283527980239,11,3,0.685719619238345
3,3,0.027010527749605478,4.297256589643226,0.7824279936868144,0.9140703845572055,0.006290644294586149,2.571172192068058,0.6824423005768723,0.6996205631663333,11,5,0.6910314318716028
4,5,0.011711509955524094,6.467903667112945,0.6682096494749166,0.6260206371941118,6.245139574743075,4.828160165372797,0.6905635657711431,0.7016314525711526,48,25,0.6960975091711479
5,6,0.028180680291847244,1.8790490260574548,0.8736932106048627,0.7760609974958406,0.003077180271250686,2.475884550556351,0.6860291854405006,0.6964789120773787,231,166,0.6912540487589396
6,3,0.22038218939289875,3.3290198344001523,0.8650089137415928,0.7246844304357644,0.12030178871154672,2.7335513967163982,0.6843216016135629,0.702246756823,41,44,0.6932841792182814
7,3,0.27051668818999286,7.976195410250031,0.9757995766256756,0.9579309401710595,0.24637685958997463,4.609371175115584,0.6861438960232596,0.7033827686241279,37,19,0.6947633323236937
8,3,0.01947558230629543,1.4070456001948426,0.7301321323053057,0.7554709158757928,0.01217295809836997,4.143687545759647,0.6821392066267431,0.6942353147842444,57,56,0.6881872607054937
9,4,0.026000059117302653,5.884264748424236,0.6563696899899051,0.9208787923016158,0.0019870215385428634,4.9344346830025865,0.6827966830580766,0.6986123515103736,4,6,0.6907045172842251
10,5,0.012426309973127776,5.18591793525043,0.6801204639026261,0.616090983104856,0.022430054327502558,4.547258451995809,0.6889528060439996,0.7012986613715217,48,17,0.6951257337077607
11,4,0.010455180205073534,3.7784650952632983,0.7425911310094838,0.6037813466072534,0.5883443909111818,4.982567967881983,0.6889968423558612,0.7024935596199975,48,21,0.6957452009879294
12,5,0.010953359583755547,8.388923089056789,0.6797083549266096,0.6536394226863929,1.825535892856797,3.9264275047997512,0.6865685343780992,0.7001208851262104,48,3,0.6933447097521548
13,4,0.01237278407958719,3.4506508657725137,0.7600994489899693,0.6567216956525754,4.189070329070704,4.275752653532405,0.6873358052243592,0.6984727740757358,159,37,0.6929042896500475
14,5,0.018954123751079893,4.902728495523495,0.6436013524417207,0.7189003595554202,6.3511597874792205,4.165832492569058,0.6865825506863877,0.6985700194859747,35,12,0.6925762850861812
15,4,0.024505982619965495,7.0521572765559775,0.7506648911400103,0.6587910833501858,1.6820151755263337,4.980465942309906,0.6871255954664705,0.6984771728224052,69,23,0.6928013841444378
16,5,0.01039332259415648,7.448583091568567,0.6993389347986082,0.8035612657398425,6.40584544830832,4.994956995132488,0.6869868967740037,0.6991456404210954,106,55,0.6930662685975495
17,3,0.011453947491386327,1.4295003945228428,0.6107511905211178,0.6310007604129195,0.32124471407055855,4.18912676884881,0.6861831904994813,0.7016214726190317,140,2,0.6939023315592565
18,6,0.02473228601803461,6.201561825492395,0.6139550698511562,0.6146960046982638,1.5990223096944263,4.984673232347624,0.6884455690962856,0.7024012805366433,49,18,0.6954234248164645
19,4,0.028711317391802247,6.694732179201699,0.6032501184637026,0.6669440910169525,0.4411655089390814,4.844110884585374,0.6851897759329248,0.7002410229384706,48,3,0.6927153994356977
20,5,0.010804584259085896,6.490984448393438,0.815026103047172,0.6588441345538804,7.304113282795963,4.082461318813885,0.6891009535413074,0.702045738830045,48,54,0.6955733461856761
21,4,0.01545441528414434,3.0821567609439073,0.6224552645024102,0.6130587224436121,8.420920630385476,4.56036696626962,0.6907962643818828,0.7014947130375919,107,18,0.6961454887097374
22,3,0.012253133100822733,3.53053007802222,0.6466043753064161,0.6841192060860612,0.8633156235062039,4.531468913573612,0.6820198239412213,0.6994392685858636,23,2,0.6907295462635424
23,3,0.023102477811250934,1.9789823290863628,0.724777038141245,0.6162386734118775,6.894758675208794,4.494336914005403,0.6869764368424451,0.6995004253540731,57,55,0.6932384310982591
24,3,0.018101294454092025,3.9494036210377885,0.6217435850940257,0.6342605553808454,8.188636615716364,2.92178395891849,0.6855602667087295,0.7029465359302399,49,2,0.6942534013194848
25,5,0.02301005229492666,6.648013821823452,0.6505366828874898,0.6387840497316003,3.2048293086644963,3.1283217703213975,0.6880554136491508,0.7043620809874533,49,18,0.6962087473183021
26,4,0.015026734480327575,2.0760859822331654,0.6487311502494832,0.6226512439448316,1.9070525378828591,3.9063634143444137,0.6879786377515107,0.7028721356236709,48,17,0.6954253866875908
27,4,0.02586431122288745,5.939482870750991,0.6906818335540733,0.6425740809134013,7.14111862710553,2.7732570503353373,0.6900726811830992,0.7030159226115728,25,17,0.696544301897336
28,4,0.025218345513385435,5.744544298530264,0.6615563868178981,0.6844501462325666,3.124919617258967,3.0671877454663625,0.6859351506557889,0.6999804090228984,12,3,0.6929577798393436
29,4,0.015276227570305445,6.815314027538104,0.697748853474453,0.7222372755728961,6.18053333534678,3.386663853581439,0.6862853491643699,0.6990863282885857,24,23,0.6926858387264778
30,5,0.021726936223876916,7.735225684008493,0.6480532289095498,0.6110055520651259,7.091376978437944,2.5828154346529897,0.6899955914875124,0.7028041678928765,48,18,0.6963998796901945
31,4,0.014392606463020211,5.57551961163888,0.6891927174721719,0.641084426932343,4.38177685709065,2.4178111185442983,0.6901304897381795,0.7021445923842276,48,54,0.6961375410612035
32,5,0.026233931312123322,7.804184439517557,0.7261654946495324,0.6059079184925157,2.253733031537996,2.753318156909304,0.6902261283790634,0.7008462526414946,48,48,0.695536190510279
33,5,0.014121036968895597,7.918796173280445,0.6449158453703667,0.6964128205668548,6.091206531605015,2.5014239472012045,0.6883169119381152,0.7023813679307529,48,2,0.695349139934434
34,4,0.016942784647432027,1.2448713896325212,0.6116476294662805,0.6725338095266296,7.415324737814718,3.4820163674237072,0.6894185170634258,0.7002105155018927,107,2,0.6948145162826593
35,5,0.021571622791601002,6.77415849136609,0.7236697759712163,0.6162594523220515,5.796036549630238,3.5362981260631843,0.6908937160775703,0.7016553855369021,48,23,0.6962745508072362
36,5,0.0413038716852173,6.844624670786155,0.674766907035951,0.621895494343455,3.4790758312551193,3.235809496049703,0.6878790592030731,0.7026260423019426,25,18,0.6952525507525078
37,6,0.018798548162870497,6.144065294911019,0.715046549022007,0.6406276392822959,9.894319942769103,2.5413737148964786,0.6904660792090171,0.7023605093578369,48,18,0.696413294283427
38,4,0.01911948819927612,7.812877877472886,0.6175143938832929,0.6311218308824551,4.167818951552488,2.8085082512004775,0.6892915683607432,0.7021814850982289,49,18,0.695736526729486
39,6,0.01223597370779158,8.0871751099425,0.7073739127851718,0.6321572025069774,3.864457231880031,3.3673441723655078,0.690228011166744,0.7020144746198466,48,25,0.6961212428932952
40,5,0.026960023030919014,5.298603834373721,0.6735802945201947,0.6142554278423034,9.244016635374166,2.4748400820406355,0.6902698160265398,0.7040229518087504,18,18,0.697146383917645
41,5,0.025032965635841512,5.036131141560745,0.6992360387790921,0.6063115934544021,2.248296611120923,2.5578468179540517,0.689210155226779,0.7017289344731479,48,18,0.6954695448499635
42,6,0.016986225820154143,6.590448576161407,0.7040902900071133,0.6048992499289823,9.438721802340726,3.032806800438562,0.6912145919113489,0.7013828997351577,48,18,0.6962987458232532
43,6,0.01706995606576095,5.7907673958185955,0.7502286297970473,0.6125977509965189,3.0971431824988915,2.8747813922106604,0.6902948152629648,0.7034224519408547,23,23,0.6968586336019098
44,6,0.028667752230809262,6.416370646859652,0.6532985053257786,0.6675545605815616,6.359200641117614,2.621940574184735,0.6881599083654208,0.7014720571273271,20,18,0.694815982746374
45,6,0.01217159441260945,5.796077855970377,0.7154677064541523,0.6345127995776563,4.126872281931753,2.415053470734624,0.6895729405196689,0.7019293848858875,36,19,0.6957511627027781
46,6,0.014861955776423219,6.794841089664761,0.7335548953202992,0.606351398479654,6.892919096548739,2.2895205810801995,0.6911039258354592,0.7030899445313314,21,18,0.6970969351833953
47,6,0.020525183081153718,5.254974428711247,0.6895581474644599,0.6618543728074107,4.12225110853646,3.1086226706876556,0.6894781038068711,0.70182703125371,17,17,0.6956525675302906
48,6,0.012622735641952028,5.784495386101603,0.7677720968927474,0.6264356719916443,4.6046390955172605,2.225870594074111,0.6908117450805896,0.7030113819698495,48,18,0.6969115635252195
49,6,0.022004906214722092,6.24453945055067,0.7667040542941478,0.601767505247385,2.267311779868539,2.863368741649438,0.6911905340687642,0.7028522230177805,25,21,0.6970213785432724
50,6,0.01239370555472446,8.603734910494499,0.7385223008866546,0.6560164069863957,8.577907429679659,2.2757969843444035,0.69062880087763,0.7013024925379756,48,48,0.6959656467078028
51,6,0.011503399750781027,7.082853868087815,0.7190182138806311,0.6275821421887464,8.621410245289164,2.251697654440714,0.6899321345693904,0.7027446665669618,48,48,0.6963384005681761
52,6,0.014692214094980026,7.5034230514166005,0.7563377052048166,0.6340825559336762,4.728098626627158,2.5111928888542545,0.6901763042384061,0.7041346705144822,18,18,0.6971554873764442
53,6,0.01877388093990327,6.650419925488132,0.7638284589302878,0.617994865176396,2.182937432682065,2.8744253775519764,0.6906686880833068,0.703830873204188,56,18,0.6972497806437474
54,6,0.02609844728036148,6.708162618630972,0.7209726639050305,0.6125368374482119,7.964608848625396,2.5960026150218725,0.690837162714277,0.7035100484874319,48,18,0.6971736056008544
55,6,0.012194120467624555,7.630419458368707,0.753039635759628,0.6121876915711554,3.7853040974290026,2.6994972811781244,0.6911272514828348,0.7037388306125903,48,18,0.6974330410477125
56,6,0.011771595990060587,7.659649116892697,0.7631343394567991,0.6576270419155363,4.472828108423511,1.8973130156664881,0.6894836824370357,0.7001120403345206,48,48,0.6947978613857781
57,6,0.01243517247021302,7.594740460371144,0.7459411307306387,0.6171938513575139,5.698773016901053,2.6521314859434426,0.6909911329068192,0.7029739689739843,48,25,0.6969825509404017
58,6,0.014478304296681607,8.754856214135978,0.7481642032083285,0.6229324214244085,6.910265663283324,2.76404587877698,0.6905905523945643,0.7014264615166897,48,53,0.696008506955627
59,6,0.015702962543218214,7.398513383565459,0.6996908704913499,0.6737826263077156,7.636235546691699,2.820889519035454,0.6893761543406136,0.7009874855184273,48,12,0.6951818199295204
